Sr. No.,State Name,Common Name,Scientific Name,Family,IUCN Status / List,Common Name in Regional Language,Latitude,Longitude,Image,Photograph By,Bird_Link,Habitat
1,Andhra Pradesh,Rose-Ringed Parakeet,Alexandrinus Krameri (Psittacula krameri),Psittacidae (Parrots),LC,Rama Chiluka,15.9129,79.74,Images/Rose_ringed_Parakeet.png,Dr. C F Chaudhuri,https://datazone.birdlife.org/species/factsheet/rose-ringed-parakeet-alexandrinus-krameri,Urban Gardens
2,Arunachal Pradesh,Great Hornbill,Buceros Bicornis,Bucerotidae (Hornbills),NT,"Great Indian Hornbill, Great Pied Hornbill, Concave-casqued Hornbill",28.218,94.7278,Images/Great_Hornbill.png,Dr. Raju Kasambe,https://datazone.birdlife.org/species/factsheet/great-hornbill-buceros-bicornis,Evergreen & Moist Deciduous Forests
3,Assam,White-Winged Duck,Asarcornis Scutulata,"Anatidae (Ducks, Geese, Swans)",EN,Deo-hah (Spirit Duck),26.2006,92.9376,Images/White_winged_Duck.png,Antony Grossy,https://datazone.birdlife.org/species/factsheet/white-winged-duck-asarcornis-scutulata,Tropical Evergreen Forests
4,Bihar,House Sparrow,Passer Domesticus,Passeridae (Old World Sparrows),LC,Gauraiya or Goraiya,25.0961,85.3131,Images/House_Sparrow.png,Dhaval Vargiya,https://datazone.birdlife.org/species/factsheet/house-sparrow-passer-domesticus,Urban & Suburban Area
5,Chhattisgarh,Common Hill Myna,Gracula Religiosa Peninsularis,Sturnidae (Starlings),LC,Pahadi Maina or Bastar Maina,21.2787,81.8661,Images/Common_Hill_Myna.png,Kiran Urs,https://datazone.birdlife.org/species/factsheet/common-hill-myna-gracula-religiosa,Farms
6,Goa,Flame-Throated Bulbul,Rubigula Gularis,Pycnonotidae (Bulbuls),LC,Ruby-throated Yellow Bulbul or Flame-throated Bulbul,15.2993,74.124,Images/Flame_throated_Bulbul.png,Ashley Chiu,https://datazone.birdlife.org/species/factsheet/flame-throated-bulbul-rubigula-gularis,Evergreen Forests
7,Gujarat,Greater Flamingo,Phoenicopterus Roseus,Phoenicopteridae (Flamingos),LC,Surkhab,22.2587,71.1924,Images/Greater_Flamingo.png,Saleel Karkhanis,https://datazone.birdlife.org/species/factsheet/greater-flamingo-phoenicopterus-roseus,Wetlands
8,Haryana,Black Francolin,Francolinus Francolinus,"Phasianidae (Pheasants, Partridges, Turkeys, Grouse)",LC,Kaala Teetar,29.0588,76.0856,Images/Black_Francolin.png,Parth Kansara,https://datazone.birdlife.org/species/factsheet/black-francolin-francolinus-francolinus,Grasslands & Wetlands
9,Jharkhand,Western Koel,Eudynamys Scolopaceus,Cuculidae (Cuckoos),LC,Koel / Kokil,23.6102,85.2799,Images/Western_Koel.png,Ayanendu De,https://datazone.birdlife.org/species/factsheet/western-koel-eudynamys-scolopaceus,Urban Greenery
10,Karnataka,Indian Roller,Coracias Benghalensis,Coraciidae (Rollers),NT,"Neelakantha, Neelkanth  / Blue Jay",15.3173,75.7139,Images/Indian_Roller.png,Babasaheb Gaikwad,https://datazone.birdlife.org/species/factsheet/indian-roller-coracias-benghalensis,Agriculture
11,Kerala,Great Hornbill,Buceros Bicornis,Bucerotidae (Hornbills),NT,Malamuzhakki Vezhambal) (The Hornbill that makes the Mountain resound),10.8505,76.2711,Images/Great_Hornbill.png,Dr. Raju Kasambe,https://datazone.birdlife.org/species/factsheet/great-hornbill-buceros-bicornis,Evergreen & Moist Deciduous Forests
12,Madhya Pradesh,Indian Paradise-Flycatcher,Terpsiphone Paradisi,Monarchidae (Monarch-flycatchers),LC,"Doodhraj (due to White Plumage), Sultan Bulbul",22.9734,78.6569,Images/Indian_Paradise_flycatcher.png,Rupam Das,https://datazone.birdlife.org/species/factsheet/indian-paradise-flycatcher-terpsiphone-paradisi,Forests Ponds
13,Maharashtra,Yellow-Footed Green-pigeon,Treron Phoenicopterus,"Columbidae (Pigeons, Doves)",LC,Hariyal or Haroli,19.7515,75.7139,Images/Yellow_footed_Green_pigeon.png,Samudra Samu,https://datazone.birdlife.org/species/factsheet/yellow-footed-green-pigeon-treron-phoenicopterus,High Tree Canopies
14,Meghalaya,Common Hill Myna,Gracula Religiosa,Sturnidae (Starlings),LC,-,25.467,91.3662,Images/Common_Hill_Myna.png,Kiran Urs,https://datazone.birdlife.org/species/factsheet/common-hill-myna-gracula-religiosa,Farms
15,Nagaland,Blyth's Tragopan,Tragopan Blythii,"Phasianidae (Pheasants, Partridges, Turkeys, Grouse)",VU,Grey-bellied Tragopan,26.1584,94.5624,Images/Blyths_Tragopan.png,Dr. Arpit Bansal,https://datazone.birdlife.org/species/factsheet/blyths-tragopan-tragopan-blythii,Moist Evergreen Oak
16,Odisha,Indian Roller,Coracias Benghalensis,Coraciidae (Rollers),LC,Neelkanth,20.9517,85.0985,Images/Indian_Roller.png,Babasaheb Gaikwad,https://datazone.birdlife.org/species/factsheet/indian-roller-coracias-benghalensis,Agriculture
17,Rajasthan,Great Indian Bustard,Ardeotis Nigriceps,Otididae (Bustards),CR,Godawan,27.0238,74.2179,Images/Great_Indian_Bustard.png,Dr. Sujit Narwade,https://datazone.birdlife.org/species/factsheet/great-indian-bustard-ardeotis-nigriceps,Grasslands
18,Sikkim,Blood Pheasant,Ithaginis Cruentus,"Phasianidae (Pheasants, Partridges, Turkeys, Grouse)",LC,"Chilimey (Nepali), Semo (Bhutia)",27.533,88.5122,Images/Blood_Pheasant.png,Sayandeep Maity,https://datazone.birdlife.org/species/factsheet/blood-pheasant-ithaginis-cruentus,Sub - Alpine Coniferous Forests
19,Tamil Nadu,Grey-Capped Emerald Dove,Chalcophaps Indica,"Columbidae (Pigeons, Doves)",LC,Maragatha Puraa,11.1271,78.6569,Images/Grey_capped_Emerald_Dove.png,Sachin Kumar Bhagat,https://datazone.birdlife.org/species/factsheet/grey-capped-emerald-dove-chalcophaps-indica,Tropical & Subtropical Forests
20,Telangana,Indian Roller,Coracias Benghalensis,Coraciidae (Rollers),NT,Palapitta) / Neelkanth  / Blue Jay,18.1124,79.0193,Images/Indian_Roller.png,Babasaheb Gaikwad,https://datazone.birdlife.org/species/factsheet/indian-roller-coracias-benghalensis,Agriculture
21,Uttar Pradesh,Sarus Crane,Grus Antigone,Gruidae (Cranes),VU,Saras,26.8467,80.9462,Images/Sarus_Crane.png,Parth Kansara,https://datazone.birdlife.org/species/factsheet/sarus-crane-grus-antigone,Wetlands
22,Uttarakhand,Himalayan Monal,Lophophorus Impejanus,"Phasianidae (Pheasants, Partridges, Turkeys, Grouse)",LC,Monal (also known as Danphe/Danfe in Nepali),30.0668,79.0193,Images/Himalayan_Monal.png,Kiran Urs,https://datazone.birdlife.org/species/factsheet/himalayan-monal-lophophorus-impejanus,Himalayan Oak
23,West Bengal,White-Throated Kingfisher,Halcyon Smyrnensis,Alcedinidae (Kingfishers),LC,Sadabuk Machhranga / simply Machhranga,22.9868,87.855,Images/White_throated_Kingfisher.png,Aryapratim Mukherjee,https://datazone.birdlife.org/species/factsheet/white-throated-kingfisher-halcyon-smyrnensis,Wetlands
24,UT of Chandigarh,Indian Grey Hornbill,Ocyceros Birostris,Bucerotidae (Hornbills),LC,Dhanesh,30.7333,76.7794,Images/Indian_Grey_Hornbill.png,Vikas Pansare,https://datazone.birdlife.org/species/factsheet/indian-grey-hornbill-ocyceros-birostris,Urban Forests
25,UT of Dadra & Nagar Haveli and Daman & Diu,Common Hill Myna,Gracula Religiosa,Sturnidae (Starlings),VU,Pahadi Maina (Hindi) / Hill Myna,20.3974,72.8328,Images/Common_Hill_Myna.png,Kiran Urs,https://datazone.birdlife.org/species/factsheet/common-hill-myna-gracula-religiosa,Farms
26,UT of Delhi (NCT),House Sparrow,Passer Domesticus,Passeridae (Old World Sparrows),LC,Gaureya or Chidi,28.6139,77.209,Images/House_Sparrow.png,Dhaval Vargiya,https://datazone.birdlife.org/species/factsheet/house-sparrow-passer-domesticus,Urban & Suburban Area
27,UT of Jammu & Kashmir,Kalij Pheasant,Lophura Leucomelanos,"Phasianidae (Pheasants, Partridges, Turkeys, Grouse)",LC,Wan Kokur,34.0837,74.7973,Images/Kalij_Pheasant.png,SG Shankar,https://datazone.birdlife.org/species/factsheet/kalij-pheasant-lophura-leucomelanos,Dense Forests
28,UT of Ladakh,Black-Necked Crane,Grus Nigricollis,Gruidae (Cranes),NT,Trung-Trung Karpo (or sometimes just Cha-thung or Trung-trung),34.1526,77.577,Images/Black_necked_Crane.png,Sandeep Shroff,https://datazone.birdlife.org/species/factsheet/black-necked-crane-grus-nigricollis,High Altitude Wetlands
29,UT of Puducherry,Western Koel,Eudynamys Scolopaceus,Cuculidae (Cuckoos),LC,Kuyil,11.9416,79.8083,Images/Western_Koel.png,Ayanendu De,https://datazone.birdlife.org/species/factsheet/western-koel-eudynamys-scolopaceus,Urban Greenery
